motif_id	motif_alt_id	sequence_name	start	stop	strand	score	p.value	q.value	matched_sequence	species
MA1228.1	AT4G18450	evm.model.scaffold1.577	395	411	-	20.4394	6.64e-08	0.0134	GTGGCGGCGGAGAGGGG	av.marina
MA1247.1	ERF087	evm.model.scaffold1.577	396	410	-	19.5606	1e-07	0.0203	TGGCGGCGGAGAGGG	av.marina
MA1221.1	RAP26	evm.model.scaffold1.577	396	410	-	19.3636	1.33e-07	0.0268	TGGCGGCGGAGAGGG	av.marina
MA1231.1	ERF15	evm.model.scaffold1.577	397	411	+	19.1667	1.5e-07	0.0346	CCTCTCCGCCGCCAC	av.marina
MA1362.1	bHLH77	evm.model.scaffold1.577	124	138	-	17.4146	2.39e-07	0.387	GAAAGGCCACGTGCT	av.marina
MA1250.1	AT1G75490	evm.model.scaffold1.577	396	410	+	18.2879	2.7e-07	0.0399	CCCTCTCCGCCGCCA	av.marina
MA1225.1	ERF5	evm.model.scaffold1.577	396	410	+	18.6061	2.74e-07	0.033	CCCTCTCCGCCGCCA	av.marina
MA1252.1	PUCHI	evm.model.scaffold1.577	396	410	+	18.5	2.8e-07	0.0502	CCCTCTCCGCCGCCA	av.marina
MA1264.1	ESE1	evm.model.scaffold1.577	399	413	-	18.6364	3.06e-07	0.0426	CCGTGGCGGCGGAGA	av.marina
MA0976.2	CRF4	evm.model.scaffold1.577	402	413	+	18.2959	3.23e-07	0.0654	CCGCCGCCACGG	av.marina
MA1239.1	ERF104	evm.model.scaffold1.577	394	412	+	18.3788	3.57e-07	0.0411	GCCCCTCTCCGCCGCCACG	av.marina
MA1380.1	AT2G20110	evm.model.scaffold1.577	1516	1530	+	18.3284	3.77e-07	0.00421	TTTTAAATCTTTATA	av.marina
MA0998.1	ERF096	evm.model.scaffold1.577	402	411	+	13.5319	4.13e-07	0.167	CCGCCGCCAC	av.marina
MA1240.1	ERF10	evm.model.scaffold1.577	392	412	+	17.7576	5.67e-07	0.0571	CGGCCCCTCTCCGCCGCCACG	av.marina
MA1005.2	ERF3	evm.model.scaffold1.577	401	411	+	17.2586	6.76e-07	0.122	TCCGCCGCCAC	av.marina
MA1262.1	ERF2	evm.model.scaffold1.577	393	413	+	17.4848	7.01e-07	0.0544	GGCCCCTCTCCGCCGCCACGG	av.marina
MA1671.1	ERF118	evm.model.scaffold1.577	400	410	+	16.7636	7.52e-07	0.111	CTCCGCCGCCA	av.marina
MA1245.2	AT2G33710	evm.model.scaffold1.577	401	411	+	17.0976	8.66e-07	0.14	TCCGCCGCCAC	av.marina
MA1219.1	CEJ1	evm.model.scaffold1.577	396	410	+	16.8333	9.14e-07	0.162	CCCTCTCCGCCGCCA	av.marina
MA1664.1	HSFA6B	evm.model.scaffold1.577	626	640	-	17.1364	9.24e-07	0.373	CGAATTTTCTAGAAG	av.marina
MA1000.2	ERF105	evm.model.scaffold1.577	400	414	-	17.3333	1e-06	0.112	CCCGTGGCGGCGGAG	av.marina
MA1268.1	AT1G69570	evm.model.scaffold1.577	1244	1270	-	16.6061	1.14e-06	0.00238	ATGTTACTTTTACTGCTTTATTTATTC	av.marina
MA1328.1	ATHB34	evm.model.scaffold1.577	1781	1795	+	15.8209	1.14e-06	0.016	ATAATTCACTAATCA	av.marina
MA1222.1	AT1G44830	evm.model.scaffold1.577	396	410	+	16.9242	1.14e-06	0.154	CCCTCTCCGCCGCCA	av.marina
MA1237.1	AT4G16750	evm.model.scaffold1.577	397	411	+	15.9091	1.52e-06	0.307	CCTCTCCGCCGCCAC	av.marina
MA1379.1	SOL1	evm.model.scaffold1.577	1516	1530	-	16.6567	1.56e-06	0.00625	TATAAAGATTTAAAA	av.marina
MA1380.1	AT2G20110	evm.model.scaffold1.577	754	768	+	16.6269	1.6e-06	0.00622	ATTTAAATATATAAA	av.marina
MA0976.2	CRF4	evm.model.scaffold1.577	320	331	-	16.2143	1.72e-06	0.214	CCGCCGCCTCCT	av.marina
MA1198.1	HAT2	evm.model.scaffold1.577	1788	1798	+	14.8939	1.82e-06	0.113	ACTAATCATTT	av.marina
MA1666.1	HSFB2B	evm.model.scaffold1.577	627	640	+	16.0606	2e-06	0.614	TTCTAGAAAATTCG	av.marina
MA1274.1	OBP3	evm.model.scaffold1.577	1248	1268	-	15.7879	2.04e-06	0.0025	GTTACTTTTACTGCTTTATTT	av.marina
MA1232.1	AT4G28140	evm.model.scaffold1.577	390	409	-	15.6667	2.27e-06	0.198	GGCGGCGGAGAGGGGCCGAG	av.marina
MA1216.1	RAP21	evm.model.scaffold1.577	399	411	-	15.7879	2.3e-06	0.386	GTGGCGGCGGAGA	av.marina
MA1264.1	ESE1	evm.model.scaffold1.577	320	334	+	15.8788	2.42e-06	0.149	AGGAGGCGGCGGGGT	av.marina
MA1266.1	RAP211	evm.model.scaffold1.577	396	410	+	15.5	2.51e-06	0.382	CCCTCTCCGCCGCCA	av.marina
MA1665.1	HSFB2A	evm.model.scaffold1.577	628	639	-	15.803	2.72e-06	0.766	GAATTTTCTAGA	av.marina
MA1257.1	ERF9	evm.model.scaffold1.577	399	419	-	15.197	2.89e-06	0.13	TCGTACCCGTGGCGGCGGAGA	av.marina
MA1161.1	TSO1	evm.model.scaffold1.577	1517	1531	-	15.7639	2.95e-06	0.00727	TTATAAAGATTTAAA	av.marina
MA1214.1	ATHB40	evm.model.scaffold1.577	1639	1659	+	15.6818	2.96e-06	0.0589	GAACCAATTATAGTTTCATTT	av.marina
MA0992.2	ERF4	evm.model.scaffold1.577	401	412	+	15.7213	2.96e-06	0.723	TCCGCCGCCACG	av.marina
MA1210.1	HAT22	evm.model.scaffold1.577	1788	1797	+	14.8158	2.99e-06	0.29	ACTAATCATT	av.marina
MA1242.1	AT3G57600	evm.model.scaffold1.577	399	409	+	15.7727	3.16e-06	0.252	TCTCCGCCGCC	av.marina
MA1394.2	MYB73	evm.model.scaffold1.577	1464	1475	+	15.1774	3.25e-06	0.892	AAAACGGTCAAT	av.marina
MA1000.2	ERF105	evm.model.scaffold1.577	319	333	+	15.5909	3.29e-06	0.222	CAGGAGGCGGCGGGG	av.marina
MA1225.1	ERF5	evm.model.scaffold1.577	399	413	+	15.1667	3.3e-06	0.144	TCTCCGCCGCCACGG	av.marina
MA1002.1	ERF112	evm.model.scaffold1.577	401	410	+	13.5738	3.34e-06	0.541	TCCGCCGCCA	av.marina
MA1274.1	OBP3	evm.model.scaffold1.577	1706	1726	-	15.1061	3.49e-06	0.00329	GAGATTTTTTTTTTTTTTTTT	av.marina
MA1671.1	ERF118	evm.model.scaffold1.577	323	333	-	15.2727	3.6e-06	0.324	CCCCGCCGCCT	av.marina
MA0997.1	ERF069	evm.model.scaffold1.577	402	410	+	11.0161	3.66e-06	0.601	CCGCCGCCA	av.marina
MA1233.2	ERF021	evm.model.scaffold1.577	399	413	+	14.9174	3.81e-06	0.879	TCTCCGCCGCCACGG	av.marina
MA1246.1	LEP	evm.model.scaffold1.577	398	418	+	14.9848	3.91e-06	0.187	CTCTCCGCCGCCACGGGTACG	av.marina
MA1379.1	SOL1	evm.model.scaffold1.577	754	768	-	15.2687	3.96e-06	0.00839	TTTATATATTTAAAT	av.marina
MA1001.2	ERF11	evm.model.scaffold1.577	401	412	+	15.2131	4.12e-06	0.834	TCCGCCGCCACG	av.marina
MA1274.1	OBP3	evm.model.scaffold1.577	805	825	+	14.8636	4.19e-06	0.00362	TTTATTTTTTATGTTTTTCAA	av.marina
MA1361.1	bHLH18	evm.model.scaffold1.577	117	133	+	15.0395	4.26e-06	1	AACGCTAAGCACGTGGC	av.marina
MA1274.1	OBP3	evm.model.scaffold1.577	1704	1724	-	14.8333	4.29e-06	0.00365	GATTTTTTTTTTTTTTTTTTG	av.marina
MA0034.1	Gam1	evm.model.scaffold1.577	455	464	-	13.1111	4.95e-06	1	GGTAACCGCC	av.marina
MA1225.1	ERF5	evm.model.scaffold1.577	320	334	-	14.4545	5.18e-06	0.182	ACCCCGCCGCCTCCT	av.marina
MA1005.2	ERF3	evm.model.scaffold1.577	322	332	-	15.0517	5.34e-06	0.444	CCCGCCGCCTC	av.marina
MA1274.1	OBP3	evm.model.scaffold1.577	1701	1721	-	14.5303	5.36e-06	0.0041	TTTTTTTTTTTTTTTTTGGGT	av.marina
MA1274.1	OBP3	evm.model.scaffold1.577	1702	1722	-	14.5303	5.36e-06	0.0041	TTTTTTTTTTTTTTTTTTGGG	av.marina
MA1667.1	HSFC1	evm.model.scaffold1.577	629	639	+	15.1515	5.38e-06	1	CTAGAAAATTC	av.marina
MA0575.1	F3A4.140	evm.model.scaffold1.577	451	463	+	14.7927	5.46e-06	1	CCGCGGCGGTTAC	av.marina
MA1245.2	AT2G33710	evm.model.scaffold1.577	322	332	-	14.9146	5.5e-06	0.446	CCCGCCGCCTC	av.marina
MA1156.1	JKD	evm.model.scaffold1.577	697	716	+	14.2424	5.84e-06	0.0822	TTTTATTTTGTAGTGTTATG	av.marina
MA1236.1	ESE3	evm.model.scaffold1.577	398	416	-	14.303	6.05e-06	0.217	TACCCGTGGCGGCGGAGAG	av.marina
MA1244.1	ABR1	evm.model.scaffold1.577	400	418	-	14.3939	6.21e-06	0.386	CGTACCCGTGGCGGCGGAG	av.marina
MA1161.1	TSO1	evm.model.scaffold1.577	755	769	-	14.5694	6.24e-06	0.00978	TTTTATATATTTAAA	av.marina
MA1160.1	AT1G14580	evm.model.scaffold1.577	697	716	+	13.5857	6.25e-06	0.106	TTTTATTTTGTAGTGTTATG	av.marina
MA1298.1	WRKY29	evm.model.scaffold1.577	1376	1386	+	14.7576	6.35e-06	0.691	AAAGGTCAACT	av.marina
MA1311.2	WRKY28	evm.model.scaffold1.577	1377	1387	+	13.8989	6.47e-06	0.844	AAGGTCAACTT	av.marina
MA1267.1	AT5G66940	evm.model.scaffold1.577	1243	1271	-	14.2424	6.47e-06	0.00537	AATGTTACTTTTACTGCTTTATTTATTCT	av.marina
MA0940.1	AP1	evm.model.scaffold1.577	1703	1715	+	13.9603	6.57e-06	0.0759	CCAAAAAAAAAAA	av.marina
MA0999.1	ERF098	evm.model.scaffold1.577	324	331	-	10.8082	6.67e-06	0.637	CCGCCGCC	av.marina
MA0999.1	ERF098	evm.model.scaffold1.577	402	409	+	10.8082	6.67e-06	0.637	CCGCCGCC	av.marina
MA0975.1	CRF2	evm.model.scaffold1.577	324	331	-	15.1967	6.67e-06	0.637	CCGCCGCC	av.marina
MA0975.1	CRF2	evm.model.scaffold1.577	402	409	+	15.1967	6.67e-06	0.637	CCGCCGCC	av.marina
MA1398.2	KUA1	evm.model.scaffold1.577	1869	1879	-	14.2033	7.19e-06	0.557	GCCTTATCCAA	av.marina
MA1256.1	RAP212	evm.model.scaffold1.577	399	419	-	14.1364	7.24e-06	0.417	TCGTACCCGTGGCGGCGGAGA	av.marina
MA0994.1	ERF8	evm.model.scaffold1.577	403	412	+	11.9516	7.3e-06	1	CGCCGCCACG	av.marina
MA0993.1	ERF7	evm.model.scaffold1.577	403	412	+	11.3548	7.3e-06	1	CGCCGCCACG	av.marina
MA1274.1	OBP3	evm.model.scaffold1.577	1703	1723	-	14.0758	7.44e-06	0.00477	ATTTTTTTTTTTTTTTTTTGG	av.marina
MA1261.1	AT5G67000	evm.model.scaffold1.577	399	413	-	14.0789	7.65e-06	0.687	CCGTGGCGGCGGAGA	av.marina
MA0549.1	BZR2	evm.model.scaffold1.577	124	134	+	14.6585	7.74e-06	1	AGCACGTGGCC	av.marina
MA1228.1	AT4G18450	evm.model.scaffold1.577	322	338	+	13.7121	7.98e-06	0.331	GAGGCGGCGGGGTGCGG	av.marina
MA1269.1	dof4.5	evm.model.scaffold1.577	1258	1271	+	14	8.08e-06	0.179	GTAAAAGTAACATT	av.marina
MA0567.1	ERF1B	evm.model.scaffold1.577	403	410	+	14.9146	8.13e-06	1	CGCCGCCA	av.marina
MA1004.1	ERF13	evm.model.scaffold1.577	403	410	+	13.9344	8.13e-06	1	CGCCGCCA	av.marina
MA1267.1	AT5G66940	evm.model.scaffold1.577	801	829	+	13.8939	8.19e-06	0.00605	ATATTTTATTTTTTATGTTTTTCAATGCA	av.marina
MA1379.1	SOL1	evm.model.scaffold1.577	1922	1936	+	13.8806	8.78e-06	0.0115	AAATAAATTTCAAAA	av.marina
MA1303.1	WRKY22	evm.model.scaffold1.577	1376	1388	+	14.3788	8.79e-06	0.631	AAAGGTCAACTTA	av.marina
MA1277.1	Adof1	evm.model.scaffold1.577	1244	1264	+	13.8333	8.99e-06	0.0169	GAATAAATAAAGCAGTAAAAG	av.marina
MA1000.2	ERF105	evm.model.scaffold1.577	397	411	-	13.7727	9.05e-06	0.403	GTGGCGGCGGAGAGG	av.marina
MA1267.1	AT5G66940	evm.model.scaffold1.577	1442	1470	-	13.7424	9.06e-06	0.00642	CCGTTTTCCATTAGAGCTTTTTATTTGTT	av.marina
MA1240.1	ERF10	evm.model.scaffold1.577	389	409	+	13.6667	9.45e-06	0.298	GCTCGGCCCCTCTCCGCCGCC	av.marina
MA1380.1	AT2G20110	evm.model.scaffold1.577	1922	1936	-	13.9104	9.61e-06	0.0123	TTTTGAAATTTATTT	av.marina
MA0123.1	abi4	evm.model.scaffold1.577	321	330	-	13.4719	9.67e-06	0.922	CGCCGCCTCC	av.marina
MA0989.1	PHYPADRAFT_153324	evm.model.scaffold1.577	1056	1064	+	8.87097	9.82e-06	0.476	GAAAAAGTG	av.marina
MA0561.1	PIF4	evm.model.scaffold1.577	126	133	+	14.8	9.9e-06	1	CACGTGGC	av.marina
MA1074.1	UNE10	evm.model.scaffold1.577	125	132	-	14.7213	9.9e-06	1	CCACGTGC	av.marina
MA1021.1	PHYPADRAFT_48267	evm.model.scaffold1.577	125	132	-	14.7753	9.9e-06	1	CCACGTGC	av.marina
MA0962.1	BHLH34	evm.model.scaffold1.577	125	132	+	14.2623	9.9e-06	1	GCACGTGG	av.marina
MA1267.1	AT5G66940	Eucgr.A02412.1	1908	1936	-	23.0303	1.48e-09	2.56e-05	TCTTCCTTTCTTTTTTCTTTTTCCTTGCT	eu.grandis
MA1281.1	AT5G02460	Eucgr.A02412.1	1914	1934	+	22.1061	2.18e-09	6.63e-05	GAAAAAGAAAAAAGAAAGGAA	eu.grandis
MA1272.1	AT2G28810	Eucgr.A02412.1	1914	1934	-	20.303	1.03e-08	0.000286	TTCCTTTCTTTTTTCTTTTTC	eu.grandis
MA1274.1	OBP3	Eucgr.A02412.1	1911	1931	-	20.9091	1.25e-08	0.000133	CTTTCTTTTTTCTTTTTCCTT	eu.grandis
MA1278.1	OBP1	Eucgr.A02412.1	1915	1935	-	19.0152	1.51e-08	0.000311	CTTCCTTTCTTTTTTCTTTTT	eu.grandis
MA1267.1	AT5G66940	Eucgr.A02412.1	1915	1943	-	20.1061	4.51e-08	0.000258	CTTCCTTTCTTCCTTTCTTTTTTCTTTTT	eu.grandis
MA1353.1	AT1G72740	Eucgr.A02412.1	1061	1075	-	19.6818	7.49e-08	0.034	AAGTTTAGGGTTTTG	eu.grandis
MA1281.1	AT5G02460	Eucgr.A02412.1	1921	1941	+	18.9091	1.22e-07	0.000752	AAAAAAGAAAGGAAGAAAGGA	eu.grandis
MA1277.1	Adof1	Eucgr.A02412.1	1909	1929	+	17.4394	2.04e-07	0.00165	GCAAGGAAAAAGAAAAAAGAA	eu.grandis
MA1356.1	TRP2	Eucgr.A02412.1	1057	1077	+	15.6061	2.61e-07	0.0742	AAAACAAAACCCTAAACTTGA	eu.grandis
MA1268.1	AT1G69570	Eucgr.A02412.1	1911	1937	-	18.3788	2.76e-07	0.00118	TTCTTCCTTTCTTTTTTCTTTTTCCTT	eu.grandis
MA1267.1	AT5G66940	Eucgr.A02412.1	1919	1947	-	18.1364	3.03e-07	0.00102	TCTTCTTCCTTTCTTCCTTTCTTTTTTCT	eu.grandis
MA1268.1	AT1G69570	Eucgr.A02412.1	1919	1945	-	17.5303	5.54e-07	0.00194	TTCTTCCTTTCTTCCTTTCTTTTTTCT	eu.grandis
MA1274.1	OBP3	Eucgr.A02412.1	1915	1935	-	17.303	5.61e-07	0.00147	CTTCCTTTCTTTTTTCTTTTT	eu.grandis
MA1415.1	REF6	Eucgr.A02412.1	640	650	+	17.1585	6.08e-07	0.139	AAAACAGAGGA	eu.grandis
MA1268.1	AT1G69570	Eucgr.A02412.1	1912	1938	-	17.303	6.63e-07	0.00222	TTTCTTCCTTTCTTTTTTCTTTTTCCT	eu.grandis
MA1384.1	PHL7	Eucgr.A02412.1	886	898	+	16.9697	6.68e-07	0.722	AAAAGCATATTCC	eu.grandis
MA1278.1	OBP1	Eucgr.A02412.1	1922	1942	-	16.2879	6.87e-07	0.00355	TTCCTTTCTTCCTTTCTTTTT	eu.grandis
MA1272.1	AT2G28810	Eucgr.A02412.1	1921	1941	-	16.4545	1e-06	0.0049	TCCTTTCTTCCTTTCTTTTTT	eu.grandis
MA1274.1	OBP3	Eucgr.A02412.1	845	865	-	16.5909	1.05e-06	0.00205	TTCACTTTTCTCCTTATTATT	eu.grandis
MA1268.1	AT1G69570	Eucgr.A02412.1	841	867	-	16.5455	1.19e-06	0.00338	GGTTCACTTTTCTCCTTATTATTTTGC	eu.grandis
MA1352.1	TRP1	Eucgr.A02412.1	1058	1078	+	8.81429	1.24e-06	0.182	AAACAAAACCCTAAACTTGAA	eu.grandis
MA1328.1	ATHB34	Eucgr.A02412.1	1036	1050	+	15.7612	1.26e-06	0.115	ATAAAACATTAATTA	eu.grandis
MA1277.1	Adof1	Eucgr.A02412.1	1916	1936	+	15.6212	1.64e-06	0.00617	AAAAGAAAAAAGAAAGGAAGA	eu.grandis
MA1268.1	AT1G69570	Eucgr.A02412.1	1907	1933	-	15.8939	1.93e-06	0.00468	TCCTTTCTTTTTTCTTTTTCCTTGCTG	eu.grandis
MA0580.1	DYT1	Eucgr.A02412.1	1161	1174	+	16.1009	1.98e-06	0.596	AGTCAATCACATGA	eu.grandis
MA1267.1	AT5G66940	Eucgr.A02412.1	1920	1948	-	15.803	2.1e-06	0.00404	CTCTTCTTCCTTTCTTCCTTTCTTTTTTC	eu.grandis
MA1355.1	TBP3	Eucgr.A02412.1	1059	1073	+	16.1515	2.17e-06	0.15	AACAAAACCCTAAAC	eu.grandis
MA1211.1	ATHB18	Eucgr.A02412.1	755	765	+	15.0299	2.2e-06	0.326	TCAATCATTGT	eu.grandis
MA1389.1	PHL1	Eucgr.A02412.1	887	901	+	15.8939	2.48e-06	0.652	AAAGCATATTCCTAG	eu.grandis
MA1373.1	IDD2	Eucgr.A02412.1	1912	1926	+	15.5244	2.55e-06	0.0935	AGGAAAAAGAAAAAA	eu.grandis
MA1273.1	dof4.2	Eucgr.A02412.1	1910	1928	+	15.6212	2.57e-06	0.0187	CAAGGAAAAAGAAAAAAGA	eu.grandis
MA1281.1	AT5G02460	Eucgr.A02412.1	1926	1946	+	15.4848	2.78e-06	0.00645	AGAAAGGAAGAAAGGAAGAAG	eu.grandis
MA1274.1	OBP3	Eucgr.A02412.1	1916	1936	-	15.2424	3.14e-06	0.0038	TCTTCCTTTCTTTTTTCTTTT	eu.grandis
MA1404.1	BPC1	Eucgr.A02412.1	1925	1948	+	8.31818	3.24e-06	0.00309	AAGAAAGGAAGAAAGGAAGAAGAG	eu.grandis
MA1278.1	OBP1	Eucgr.A02412.1	1926	1946	-	14.8636	3.24e-06	0.0104	CTTCTTCCTTTCTTCCTTTCT	eu.grandis
MA1270.1	AT3G45610	Eucgr.A02412.1	1913	1931	-	15	3.33e-06	0.0187	CTTTCTTTTTTCTTTTTCC	eu.grandis
MA1369.1	HDG1	Eucgr.A02412.1	1041	1051	-	15.4328	3.44e-06	0.476	GTAATTAATGT	eu.grandis
MA1375.1	ANL2	Eucgr.A02412.1	1041	1051	+	15.6364	3.52e-06	0.5	ACATTAATTAC	eu.grandis
MA1274.1	OBP3	Eucgr.A02412.1	1923	1943	-	15.0303	3.69e-06	0.00414	CTTCCTTTCTTCCTTTCTTTT	eu.grandis
MA1329.2	ZHD1	Eucgr.A02412.1	547	559	+	15.126	3.72e-06	0.167	TTATTAATTAAAT	eu.grandis
MA0954.2	ATHB7	Eucgr.A02412.1	753	765	-	15.3636	3.78e-06	0.274	ACAATGATTGAGA	eu.grandis
MA1270.1	AT3G45610	Eucgr.A02412.1	1731	1749	-	14.8485	3.87e-06	0.02	TATGCTTTTTGACTATTTT	eu.grandis
MA1665.1	HSFB2A	Eucgr.A02412.1	1142	1153	-	15.2273	4.34e-06	0.384	GAAGCTTCTACA	eu.grandis
MA1404.1	BPC1	Eucgr.A02412.1	1921	1944	+	7.31818	4.68e-06	0.00411	AAAAAAGAAAGGAAGAAAGGAAGA	eu.grandis
MA0110.3	ATHB-5	Eucgr.A02412.1	754	765	+	14.6142	4.73e-06	0.315	CTCAATCATTGT	eu.grandis
MA1327.2	ATHB23	Eucgr.A02412.1	548	557	-	13.9322	4.87e-06	0.164	TTAATTAATA	eu.grandis
MA1304.1	WRKY59	Eucgr.A02412.1	1732	1743	+	14.5921	4.99e-06	0.431	AAATAGTCAAAA	eu.grandis
MA1279.1	COG1	Eucgr.A02412.1	1906	1926	+	14.5	5.62e-06	0.0199	CCAGCAAGGAAAAAGAAAAAA	eu.grandis
MA1274.1	OBP3	Eucgr.A02412.1	1910	1930	-	14.4545	5.67e-06	0.00526	TTTCTTTTTTCTTTTTCCTTG	eu.grandis
MA1317.1	WRKY50	Eucgr.A02412.1	1731	1743	-	14.8485	6.46e-06	0.341	TTTTGACTATTTT	eu.grandis
MA1281.1	AT5G02460	Eucgr.A02412.1	1925	1945	+	14.3333	6.58e-06	0.0114	AAGAAAGGAAGAAAGGAAGAA	eu.grandis
MA1274.1	OBP3	Eucgr.A02412.1	1924	1944	-	14.0455	7.6e-06	0.00618	TCTTCCTTTCTTCCTTTCTTT	eu.grandis
MA1163.1	PHL11	Eucgr.A02412.1	886	899	+	14.3333	8.08e-06	0.453	AAAAGCATATTCCT	eu.grandis
MA1272.1	AT2G28810	Eucgr.A02412.1	1925	1945	-	13.9848	8.66e-06	0.0212	TTCTTCCTTTCTTCCTTTCTT	eu.grandis
MA1279.1	COG1	Eucgr.A02412.1	847	867	+	13.9242	9.04e-06	0.0264	TAATAAGGAGAAAAGTGAACC	eu.grandis
MA1278.1	OBP1	Eucgr.A02412.1	173	193	-	13.7576	9.25e-06	0.0211	TTCTTATTTTTTAATCTTTTG	eu.grandis
MA0559.1	PI	Eucgr.A02412.1	687	700	+	13.8636	9.27e-06	0.065	CCAAAAGAAGTAGA	eu.grandis
MA1327.2	ATHB23	Eucgr.A02412.1	550	559	+	13.8305	9.73e-06	0.201	TTAATTAAAT	eu.grandis
MA1018.1	GATA9	Eucgr.A02412.1	627	637	+	13.5246	9.9e-06	0.8	TCAAGATCTGA	eu.grandis
MA0564.1	ABI3	LOC_Os06g41040.1	1010	1018	+	14.8929	3.31e-06	0.316	CTGCATGCA	or.sativa
MA1354.1	AT4G12670	LOC_Os06g41040.1	7	35	+	-4.04494	3.9e-06	0.277	CCAAACTCTAAACTCTAGAATTCTAGATC	or.sativa
MA1267.1	AT5G66940	LOC_Os06g41040.1	648	676	+	14.7424	4.57e-06	0.0205	TTATTCTAATGTTTGGCTTTTTGCTAGTT	or.sativa
MA1160.1	AT1G14580	LOC_Os06g41040.1	653	672	+	13.9714	5.14e-06	0.22	CTAATGTTTGGCTTTTTGCT	or.sativa
MA1161.1	TSO1	LOC_Os06g41040.1	1671	1685	+	14.875	5.16e-06	0.062	TTTTATGAATTCAAA	or.sativa
MA1370.1	IDD5	LOC_Os06g41040.1	326	341	+	14.1711	5.38e-06	0.412	ATCTTGTCCTTTTGCA	or.sativa
MA1371.1	IDD4	LOC_Os06g41040.1	325	341	-	13.5758	6.68e-06	0.251	TGCAAAAGGACAAGATC	or.sativa
MA1371.1	IDD4	LOC_Os06g41040.1	847	863	-	13.4848	6.97e-06	0.251	TACATGCGGACAAAAAA	or.sativa
MA1374.1	IDD7	LOC_Os06g41040.1	324	341	-	13.2273	8.83e-06	0.405	TGCAAAAGGACAAGATCT	or.sativa
MA1269.1	dof4.5	LOC_Os06g41040.1	639	652	-	13.7879	9.73e-06	0.403	AATAAAGTTATTTT	or.sativa
MA0045.1	HMG-I/Y	LOC_Os06g41040.1	42	57	-	12.9619	9.89e-06	0.191	CATCAAAGGGCAAAAA	or.sativa
MA1373.1	IDD2	LOC_Os06g41040.1	327	341	-	12.6098	9.93e-06	0.258	TGCAAAAGGACAAGA	or.sativa
MA1274.1	OBP3	Potri.016G051300.1	1928	1948	-	17.9697	3.02e-07	0.00113	TCTTCTTTTTTTGTTTATTTA	po.trichocarpa
MA1277.1	Adof1	Potri.016G051300.1	1933	1953	+	16.3333	7.6e-07	0.00446	AAACAAAAAAAGAAGAAGGGA	po.trichocarpa
MA1268.1	AT1G69570	Potri.016G051300.1	1924	1950	-	16.8939	9.12e-07	0.00253	CTTCTTCTTTTTTTGTTTATTTATTTC	po.trichocarpa
MA1267.1	AT5G66940	Potri.016G051300.1	1932	1960	-	16.7273	1.01e-06	0.00229	TGACACTTCCCTTCTTCTTTTTTTGTTTA	po.trichocarpa
MA1403.1	BPC5	Potri.016G051300.1	780	809	-	-25.3902	1.48e-06	0.00815	GGAGAAATGGAAGAATACTGAGAGGGAGAA	po.trichocarpa
MA1281.1	AT5G02460	Potri.016G051300.1	1938	1958	+	15.9545	1.91e-06	0.00473	AAAAAAGAAGAAGGGAAGTGT	po.trichocarpa
MA0559.1	PI	Potri.016G051300.1	1935	1948	+	15.6364	2.32e-06	0.0709	ACAAAAAAAGAAGA	po.trichocarpa
MA0127.1	PEND	Potri.016G051300.1	201	210	+	14.5978	2.99e-06	0.24	ACTTCTTATG	po.trichocarpa
MA1403.1	BPC5	Potri.016G051300.1	788	817	-	-29.9268	3.47e-06	0.0143	AAAATGAGGGAGAAATGGAAGAATACTGAG	po.trichocarpa
MA0045.1	HMG-I/Y	Potri.016G051300.1	794	809	-	13.8286	3.57e-06	0.0939	GGAGAAATGGAAGAAT	po.trichocarpa
MA0940.1	AP1	Potri.016G051300.1	1935	1947	+	14.5159	4.18e-06	0.06	ACAAAAAAAGAAG	po.trichocarpa
MA1267.1	AT5G66940	Potri.016G051300.1	1924	1952	-	14.3788	5.89e-06	0.00589	CCCTTCTTCTTTTTTTGTTTATTTATTTC	po.trichocarpa
MA1208.1	GT-2	Potri.016G051300.1	516	529	-	14.0909	6.32e-06	0.127	TTTTTAACTGTAAT	po.trichocarpa
MA1403.1	BPC5	Potri.016G051300.1	770	799	-	-33.439	6.73e-06	0.0223	AAGAATACTGAGAGGGAGAAATATTAACAG	po.trichocarpa
MA1273.1	dof4.2	Potri.016G051300.1	1439	1457	+	14.4697	6.87e-06	0.0276	AGTTGAAAAAGGCAAGATC	po.trichocarpa
MA1330.1	ZHD6	Potri.016G051300.1	408	422	+	14.209	7.08e-06	0.0513	AATTTTAATTAACAA	po.trichocarpa
MA1268.1	AT1G69570	Potri.016G051300.1	1366	1392	-	13.7576	8.23e-06	0.00908	TTTTTACTCTTTTTATTACATGTATTT	po.trichocarpa
MA1269.1	dof4.5	Potri.016G051300.1	644	657	+	13.8182	9.46e-06	0.179	TAAAAAGTTAGTTT	po.trichocarpa
MA1330.1	ZHD6	Potri.016G051300.1	426	440	+	13.9104	9.86e-06	0.0592	CAATGTGATTAATTA	po.trichocarpa
MA1268.1	AT1G69570	evm.model.scaffold33.10	62	88	-	24.8333	3.49e-10	6.68e-06	TTTTTGCTTTTGTTTTTTTTTTTTAAT	rh.apiculata
MA1274.1	OBP3	evm.model.scaffold33.10	66	86	-	21.3636	7.05e-09	5.42e-05	TTTGCTTTTGTTTTTTTTTTT	rh.apiculata
MA1277.1	Adof1	evm.model.scaffold33.10	71	91	+	19.4545	1.17e-08	0.000201	AAAAAACAAAAGCAAAAAAAA	rh.apiculata
MA1267.1	AT5G66940	evm.model.scaffold33.10	70	98	-	19.7424	6.55e-08	0.000274	CATAGATTTTTTTTTGCTTTTGTTTTTTT	rh.apiculata
MA1682.1	TCX3	evm.model.scaffold33.10	130	143	-	18.5082	1.92e-07	0.0197	AAAAATTCAAATTC	rh.apiculata
MA1330.1	ZHD6	evm.model.scaffold33.10	1732	1746	+	16.3881	2.19e-07	0.0228	AAATATAATTAATTT	rh.apiculata
MA1193.1	At2g38090	evm.model.scaffold33.10	1828	1848	-	18.1098	3.57e-07	0.0921	AAAAATTAAGATAAACATGGT	rh.apiculata
MA1279.1	COG1	evm.model.scaffold33.10	68	88	+	16.9545	5.33e-07	0.00296	AAAAAAAAACAAAAGCAAAAA	rh.apiculata
MA1267.1	AT5G66940	evm.model.scaffold33.10	65	93	-	16.4545	1.26e-06	0.002	ATTTTTTTTTGCTTTTGTTTTTTTTTTTT	rh.apiculata
MA1272.1	AT2G28810	evm.model.scaffold33.10	76	96	-	15.7879	1.88e-06	0.00616	TAGATTTTTTTTTGCTTTTGT	rh.apiculata
MA1267.1	AT5G66940	evm.model.scaffold33.10	64	92	-	15.9091	1.93e-06	0.00254	TTTTTTTTTGCTTTTGTTTTTTTTTTTTA	rh.apiculata
MA1387.1	AT1G13300	evm.model.scaffold33.10	407	421	+	15.3636	2.39e-06	0.484	AGCATCTAATATTCT	rh.apiculata
MA1278.1	OBP1	evm.model.scaffold33.10	77	97	-	15.1061	2.53e-06	0.00737	ATAGATTTTTTTTTGCTTTTG	rh.apiculata
MA1159.1	SGR5	evm.model.scaffold33.10	68	82	+	15.3788	3.59e-06	0.0472	AAAAAAAAACAAAAG	rh.apiculata
MA1156.1	JKD	evm.model.scaffold33.10	67	86	-	14.9848	3.81e-06	0.0457	TTTGCTTTTGTTTTTTTTTT	rh.apiculata
MA1661.1	AT-GTL1	evm.model.scaffold33.10	1252	1263	+	14.8455	4.02e-06	0.248	GAGGTTAAAAAT	rh.apiculata
MA0045.1	HMG-I/Y	evm.model.scaffold33.10	74	89	+	13.6286	4.54e-06	0.105	AAACAAAAGCAAAAAA	rh.apiculata
MA1328.1	ATHB34	evm.model.scaffold33.10	1737	1751	-	14.7761	4.9e-06	0.042	TTTTAAAATTAATTA	rh.apiculata
MA1274.1	OBP3	evm.model.scaffold33.10	73	93	-	14.6212	5.02e-06	0.00207	ATTTTTTTTTGCTTTTGTTTT	rh.apiculata
MA1085.2	WRKY40	evm.model.scaffold33.10	1448	1457	+	13.2	5.98e-06	0.238	AAAGTCAAAT	rh.apiculata
MA1196.1	At5g05790	evm.model.scaffold33.10	1077	1091	+	14.2273	7e-06	0.399	ATTCTTATCTGGTTC	rh.apiculata
MA0949.1	ARR2	evm.model.scaffold33.10	818	827	+	13.4098	7.15e-06	1	GCGAATCTTA	rh.apiculata
MA1327.2	ATHB23	evm.model.scaffold33.10	1663	1672	+	13.8644	7.3e-06	0.0412	ATAATTAATT	rh.apiculata
MA1327.2	ATHB23	evm.model.scaffold33.10	1736	1745	+	13.8644	7.3e-06	0.0412	ATAATTAATT	rh.apiculata
MA1194.1	AT3G10580	evm.model.scaffold33.10	1831	1845	-	14.3289	7.66e-06	0.428	AATTAAGATAAACAT	rh.apiculata
MA1346.1	TGA10	evm.model.scaffold33.10	904	918	-	14.1061	7.96e-06	1	GAAGGTGATGTCACT	rh.apiculata
MA0945.1	ARR1	evm.model.scaffold33.10	817	826	+	10.7419	8.26e-06	1	GGCGAATCTT	rh.apiculata
MA1373.1	IDD2	evm.model.scaffold33.10	67	81	+	12.9146	8.64e-06	0.0678	AAAAAAAAAACAAAA	rh.apiculata
MA0565.2	FUS3	evm.model.scaffold33.10	96	105	-	14.5902	8.71e-06	0.328	TCACATGCAT	rh.apiculata
MA1336.1	TGA3	evm.model.scaffold33.10	904	917	+	13.4545	9.55e-06	1	AGTGACATCACCTT	rh.apiculata
MA1267.1	AT5G66940	SIN_1023551.t	1604	1632	+	20.4848	3.03e-08	0.000579	GTTATTATTTTTTTTTCTTTTTATTAATA	se.indicum
MA1281.1	AT5G02460	SIN_1023551.t	1606	1626	-	19.5909	5.79e-08	0.00132	TAAAAAGAAAAAAAAATAATA	se.indicum
MA1278.1	OBP1	SIN_1023551.t	1605	1625	+	17.8636	8.92e-08	0.00275	TTATTATTTTTTTTTCTTTTT	se.indicum
MA1272.1	AT2G28810	SIN_1023551.t	1606	1626	+	18.4848	1.12e-07	0.00272	TATTATTTTTTTTTCTTTTTA	se.indicum
MA1277.1	Adof1	SIN_1023551.t	1611	1631	-	17.4848	1.92e-07	0.00306	ATTAATAAAAAGAAAAAAAAA	se.indicum
MA1379.1	SOL1	SIN_1023551.t	260	274	+	18.2388	4.55e-07	0.00969	ATTAAAATTTTAAAA	se.indicum
MA1268.1	AT1G69570	SIN_1023551.t	1651	1677	+	17.3939	6.17e-07	0.00322	ATTTTACTTTTATTTATAATATATTTT	se.indicum
MA1267.1	AT5G66940	SIN_1023551.t	1641	1669	+	17.2273	6.69e-07	0.003	TGGTTTATATATTTTACTTTTATTTATAA	se.indicum
MA1380.1	AT2G20110	SIN_1023551.t	260	274	-	17.6119	7.07e-07	0.0113	TTTTAAAATTTTAAT	se.indicum
MA1274.1	OBP3	SIN_1023551.t	1608	1628	+	16.9545	7.66e-07	0.00294	TTATTTTTTTTTCTTTTTATT	se.indicum
MA1161.1	TSO1	SIN_1023551.t	259	273	+	17.25	9.78e-07	0.0125	AATTAAAATTTTAAA	se.indicum
MA1274.1	OBP3	SIN_1023551.t	994	1014	+	16.6667	9.84e-07	0.00336	CATTCTTTTTTTATTTTTTTG	se.indicum
MA1181.1	MYB113	SIN_1023551.t	1559	1569	-	14.8333	1.12e-06	0.656	AAGTTAGTTAT	se.indicum
MA1274.1	OBP3	SIN_1023551.t	1607	1627	+	16.3939	1.24e-06	0.00382	ATTATTTTTTTTTCTTTTTAT	se.indicum
MA1161.1	TSO1	SIN_1023551.t	261	275	-	16.4306	1.85e-06	0.0155	ATTTTAAAATTTTAA	se.indicum
MA1277.1	Adof1	SIN_1023551.t	1648	1668	-	15.3333	2.21e-06	0.0111	TATAAATAAAAGTAAAATATA	se.indicum
MA1174.1	MYB56	SIN_1023551.t	94	108	-	14.9545	2.44e-06	0.651	ATAAATAACTGTATA	se.indicum
MA1373.1	IDD2	SIN_1023551.t	1614	1628	-	15.5122	2.57e-06	0.126	AATAAAAAGAAAAAA	se.indicum
MA1273.1	dof4.2	SIN_1023551.t	1612	1630	-	15.5909	2.64e-06	0.0304	TTAATAAAAAGAAAAAAAA	se.indicum
MA1210.1	HAT22	SIN_1023551.t	1725	1734	-	14.8158	2.99e-06	0.333	ACTAATCATT	se.indicum
MA1379.1	SOL1	SIN_1023551.t	1579	1593	-	15.5373	3.33e-06	0.0202	ATATAAATTTTGAAA	se.indicum
MA1198.1	HAT2	SIN_1023551.t	1724	1734	-	14.6667	3.46e-06	0.249	ACTAATCATTG	se.indicum
MA1281.1	AT5G02460	SIN_1023551.t	1643	1663	-	15.0606	3.86e-06	0.0116	ATAAAAGTAAAATATATAAAC	se.indicum
MA1685.1	ARF10	SIN_1023551.t	1232	1246	+	15.0642	4.64e-06	1	ATAATGGGAGACATA	se.indicum
MA1272.1	AT2G28810	SIN_1023551.t	1643	1663	+	14.7121	4.82e-06	0.0179	GTTTATATATTTTACTTTTAT	se.indicum
MA0940.1	AP1	SIN_1023551.t	1369	1381	+	14.3095	5.02e-06	0.0776	ATATAAAAAGAAA	se.indicum
MA1274.1	OBP3	SIN_1023551.t	1609	1629	+	14.5606	5.25e-06	0.00734	TATTTTTTTTTCTTTTTATTA	se.indicum
MA1162.1	TCX2	SIN_1023551.t	260	274	+	14.791	5.34e-06	0.035	ATTAAAATTTTAAAA	se.indicum
MA1191.1	AT3G10113	SIN_1023551.t	1326	1340	+	15.0909	5.39e-06	0.139	AAAATAAATATCATA	se.indicum
MA1160.1	AT1G14580	SIN_1023551.t	1609	1628	+	13.6571	6.03e-06	0.147	TATTTTTTTTTCTTTTTATT	se.indicum
MA0558.1	FLC	SIN_1023551.t	1457	1477	+	14.4286	6.07e-06	0.11	TCTATACTAATATAGAAAAAA	se.indicum
MA0554.1	SOC1	SIN_1023551.t	1001	1015	+	14.1935	7.06e-06	0.127	TTTTTATTTTTTTGG	se.indicum
MA1268.1	AT1G69570	SIN_1023551.t	1614	1640	+	13.9394	7.33e-06	0.0136	TTTTTTCTTTTTATTAATATAATATGT	se.indicum
MA1366.1	AT1G76880	SIN_1023551.t	1645	1660	-	14.0606	8.35e-06	0.168	AAAGTAAAATATATAA	se.indicum
MA1161.1	TSO1	SIN_1023551.t	1580	1594	-	13.9722	8.77e-06	0.0299	AATATAAATTTTGAA	se.indicum
MA1272.1	AT2G28810	SIN_1023551.t	150	170	+	13.9545	8.87e-06	0.025	TTTTCACTTCTCTCCTTTATG	se.indicum
MA1211.1	ATHB18	SIN_1023551.t	1723	1733	-	14.2388	8.96e-06	0.38	CTAATCATTGT	se.indicum
MA1278.1	OBP1	SIN_1023551.t	149	169	+	13.7879	9.01e-06	0.027	TTTTTCACTTCTCTCCTTTAT	se.indicum
MA1184.1	RVE1	SIN_1023551.t	1327	1340	+	14.5	9.76e-06	0.147	AAATAAATATCATA	se.indicum
MA1380.1	AT2G20110	SIN_1023551.t	1579	1593	+	13.8806	9.77e-06	0.0265	TTTCAAAATTTATAT	se.indicum
MA1274.1	OBP3	SIN_1023551.t	1610	1630	+	13.6818	9.79e-06	0.00977	ATTTTTTTTTCTTTTTATTAA	se.indicum
MA1381.1	AT3G46070	evm.model.scaffold3.341	1741	1755	+	16.7632	4.07e-08	0.0326	TCCCTCTCACTCTCC	so.alba
MA0558.1	FLC	evm.model.scaffold3.341	1348	1368	+	18.1143	3.34e-07	0.0875	ATTAAACATAAATAGAAAGAA	so.alba
MA0584.1	SEP1	evm.model.scaffold3.341	1319	1336	-	17.0899	4.69e-07	0.589	CATGCCAAATTTAGAAAC	so.alba
MA0082.1	squamosa	evm.model.scaffold3.341	1353	1366	+	16.2444	5.17e-07	0.177	ACATAAATAGAAAG	so.alba
MA1206.1	ARF2	evm.model.scaffold3.341	1870	1879	-	13.0152	7.46e-07	0.447	AGCCGACAAG	so.alba
MA1402.1	BPC6	evm.model.scaffold3.341	1734	1754	+	11.9079	7.63e-07	0.00244	TCATCACTCCCTCTCACTCTC	so.alba
MA1698.1	ARF7	evm.model.scaffold3.341	1868	1881	-	16.6829	8.01e-07	0.648	CCAGCCGACAAGAG	so.alba
MA1386.1	HHO3	evm.model.scaffold3.341	341	351	-	15.0758	8.57e-07	0.344	GGAATCTTCAA	so.alba
MA1012.1	AGL27	evm.model.scaffold3.341	1353	1366	-	17.6316	8.91e-07	0.129	CTTTCTATTTATGT	so.alba
MA1694.1	ARF35	evm.model.scaffold3.341	1868	1881	-	15.3571	1.43e-06	0.258	CCAGCCGACAAGAG	so.alba
MA1203.1	AGL63	evm.model.scaffold3.341	1320	1334	-	16.2273	1.67e-06	0.425	TGCCAAATTTAGAAA	so.alba
MA0940.1	AP1	evm.model.scaffold3.341	1353	1365	+	15.3095	1.93e-06	0.127	ACATAAATAGAAA	so.alba
MA0001.2	AGL3	evm.model.scaffold3.341	1319	1336	-	15.5732	1.95e-06	0.524	CATGCCAAATTTAGAAAC	so.alba
MA1403.1	BPC5	evm.model.scaffold3.341	1746	1775	-	-27.7805	2.3e-06	0.00498	AGAGAAACTAAGTGGAGGCCGGAGAGTGAG	so.alba
MA0555.1	SVP	evm.model.scaffold3.341	1349	1368	+	15.3902	2.83e-06	0.201	TTAAACATAAATAGAAAGAA	so.alba
MA0558.1	FLC	evm.model.scaffold3.341	1317	1337	-	15.4	3.08e-06	0.137	CCATGCCAAATTTAGAAACCA	so.alba
MA1692.1	ARF29	evm.model.scaffold3.341	1868	1882	-	15.2569	3.09e-06	0.592	TCCAGCCGACAAGAG	so.alba
MA1416.1	RAMOSA1	evm.model.scaffold3.341	1741	1754	-	14.1286	3.13e-06	0.00941	GAGAGTGAGAGGGA	so.alba
MA0554.1	SOC1	evm.model.scaffold3.341	1353	1367	-	15.1774	3.54e-06	0.177	TCTTTCTATTTATGT	so.alba
MA1064.1	TCP2	evm.model.scaffold3.341	1056	1065	+	13.1452	3.78e-06	0.339	ATGGGCCCAC	so.alba
MA1064.1	TCP2	evm.model.scaffold3.341	1056	1065	-	13.1452	3.78e-06	0.339	GTGGGCCCAT	so.alba
MA1329.2	ZHD1	evm.model.scaffold3.341	1272	1284	-	15	4.46e-06	0.107	TCACTAATTAAAA	so.alba
MA1407.1	bZIP14	evm.model.scaffold3.341	470	479	-	14.2553	4.71e-06	1	AATGACGTAT	so.alba
MA1404.1	BPC1	evm.model.scaffold3.341	1735	1758	-	7.24242	4.81e-06	0.00807	GCCGGAGAGTGAGAGGGAGTGATG	so.alba
MA0123.1	abi4	evm.model.scaffold3.341	1930	1939	-	13.8427	4.84e-06	0.262	CGGTGCCTCC	so.alba
MA1058.1	SPL4	evm.model.scaffold3.341	1508	1516	+	9.87387	4.95e-06	1	CGTACGGTC	so.alba
MA1667.1	HSFC1	evm.model.scaffold3.341	343	353	-	15.2576	5.01e-06	0.476	CTGGAATCTTC	so.alba
MA1012.1	AGL27	evm.model.scaffold3.341	1319	1332	+	14.7632	5.34e-06	0.224	GTTTCTAAATTTGG	so.alba
MA1205.1	AGL6	evm.model.scaffold3.341	1350	1368	+	13.9697	5.57e-06	0.268	TAAACATAAATAGAAAGAA	so.alba
MA1404.1	BPC1	evm.model.scaffold3.341	1733	1756	-	6.80303	5.63e-06	0.009	CGGAGAGTGAGAGGGAGTGATGAG	so.alba
MA0944.1	ARF8	evm.model.scaffold3.341	1870	1878	+	12.0645	6.03e-06	0.884	CTTGTCGGC	so.alba
MA0082.1	squamosa	evm.model.scaffold3.341	1319	1332	-	14.0889	6.46e-06	0.332	CCAAATTTAGAAAC	so.alba
MA1212.1	ATHB13	evm.model.scaffold3.341	211	221	-	14.1194	7.3e-06	0.323	TCAATAATTAG	so.alba
MA1381.1	AT3G46070	evm.model.scaffold3.341	1731	1745	+	14.0395	7.58e-06	0.382	TTCTCATCACTCCCT	so.alba
MA1428.1	TCP8	evm.model.scaffold3.341	1057	1065	+	13.0806	7.73e-06	0.369	TGGGCCCAC	so.alba
MA1019.1	Glyma19g26560.1	evm.model.scaffold3.341	1057	1065	+	14.4262	7.73e-06	0.368	TGGGCCCAC	so.alba
MA1330.1	ZHD6	evm.model.scaffold3.341	1213	1227	+	14.1194	7.82e-06	0.178	TTACATAATTAATAA	so.alba
MA1066.1	TCP23	evm.model.scaffold3.341	1058	1065	+	16.3578	8.13e-06	0.488	GGGCCCAC	so.alba
MA1050.1	OsI_08196	evm.model.scaffold3.341	1058	1065	+	15.6885	8.13e-06	0.488	GGGCCCAC	so.alba
MA1097.1	ARALYDRAFT_493022	evm.model.scaffold3.341	1058	1065	+	15.633	8.13e-06	0.488	GGGCCCAC	so.alba
MA1387.1	AT1G13300	evm.model.scaffold3.341	337	351	+	14.0758	8.16e-06	0.639	TTGATTGAAGATTCC	so.alba
MA1031.1	OJ1581_H09.2	evm.model.scaffold3.341	1056	1065	+	13.1148	8.46e-06	0.49	ATGGGCCCAC	so.alba
MA1031.1	OJ1581_H09.2	evm.model.scaffold3.341	1056	1065	-	13.1148	8.46e-06	0.49	GTGGGCCCAT	so.alba
MA1352.1	TRP1	evm.model.scaffold3.341	653	673	-	2.77143	8.7e-06	0.682	AGCTTAAAACCTTATTCCTAC	so.alba
MA1356.1	TRP2	evm.model.scaffold3.341	654	674	-	6.19697	8.7e-06	0.419	GAGCTTAAAACCTTATTCCTA	so.alba
MA1200.1	AGL25	evm.model.scaffold3.341	1350	1367	-	13.8857	8.84e-06	0.426	TCTTTCTATTTATGTTTA	so.alba
MA1056.1	SPL11	evm.model.scaffold3.341	1505	1516	+	14.082	8.85e-06	1	GATCGTACGGTC	so.alba
MA0001.2	AGL3	evm.model.scaffold3.341	856	873	-	13.9512	8.93e-06	0.64	CGTACCAATTTTAGACAG	so.alba
MA1204.1	AGL13	evm.model.scaffold3.341	1318	1335	-	12.4143	9.64e-06	0.318	ATGCCAAATTTAGAAACC	so.alba
MA0584.1	SEP1	evm.model.scaffold3.341	856	873	-	13.8989	9.99e-06	0.718	CGTACCAATTTTAGACAG	so.alba
